name_image,ok,class_0_raw,class_1_raw,result,label,right,download_ms,inference_ms,heap_before,heap_after,heap_used,psram_before,psram_after,psram_used,stack_min_free_bytes
"a0062_fqmvyz.raw",1,30,225,0,0,1,0.000,6217.483,2066904,2066904,0,1964664,1964664,0,13156
"a0082_wdddcd.raw",1,0,255,0,0,1,0.000,6202.148,2066904,2066904,0,1964664,1964664,0,13156
"a0231_dfkgjq.raw",1,68,187,0,0,1,0.000,6157.143,2066904,2066904,0,1964664,1964664,0,13156
"a0283_ed9ybp.raw",1,0,255,0,0,1,0.000,6158.047,2066904,2066904,0,1964664,1964664,0,13156
"a0332_mlywvc.raw",1,0,255,0,0,1,0.000,6158.203,2066904,2066904,0,1964664,1964664,0,13156
"a0423_q0gp9y.raw",1,12,243,0,0,1,0.000,6166.880,2066904,2066904,0,1964664,1964664,0,13156
"a0456_jbbytw.raw",1,0,255,0,0,1,0.000,6154.268,2066904,2066904,0,1964664,1964664,0,13156
"a0544_d9bjli.raw",1,1,254,0,0,1,0.000,6162.102,2066904,2066904,0,1964664,1964664,0,13156
"a0592_bpzfci.raw",1,0,255,0,0,1,0.000,6158.228,2066904,2066904,0,1964664,1964664,0,13156
"a0663_gya6lx.raw",1,1,254,0,0,1,0.000,6159.533,2066904,2066904,0,1964664,1964664,0,13156
"a0711_rewvuv.raw",1,1,254,0,0,1,0.000,6163.485,2066904,2066904,0,1964664,1964664,0,13156
"a0739_e3ferw.raw",1,4,251,0,0,1,0.000,6169.644,2066904,2066904,0,1964664,1964664,0,13156
"a0755_unt17r.raw",1,4,251,0,0,1,0.000,6200.076,2066904,2066904,0,1964664,1964664,0,13156
"a0852_t8myv6.raw",1,0,255,0,0,1,0.000,6197.626,2066904,2066904,0,1964664,1964664,0,13156
"a0881_ljtvq1.raw",1,12,243,0,0,1,0.000,6161.958,2066904,2066904,0,1964664,1964664,0,13156
"a0892_trop1o.raw",1,0,255,0,0,1,0.000,6163.685,2066904,2066904,0,1964664,1964664,0,13156
"a0933_ddzhlj.raw",1,4,251,0,0,1,0.000,6154.176,2066904,2066904,0,1964664,1964664,0,13156
"a0950_xtmcwu.raw",1,0,255,0,0,1,0.000,6166.879,2066904,2066904,0,1964664,1964664,0,13156
"a0959_cbmjkb.raw",1,68,187,0,0,1,0.000,6151.058,2066904,2066904,0,1964664,1964664,0,13156
"a0969_o4uupq.raw",1,68,187,0,0,1,0.000,6139.308,2066904,2066904,0,1964664,1964664,0,13156

# round=6 repetitions=10 persist=sim
# total=20 sucesso=20 erros=0 empates=0
# rotuladas_com_sucesso=20 acertos=20
# accuracy_pct=100.000
# inference_avg_ms=6168.096 inference_min_ms=6139.308 inference_max_ms=6217.483
# download_avg_ms=0.000
# heap_min_free_bytes=2030788 psram_min_free_bytes=1964664 psram_total_bytes=4194304
