execution;model;type;env;folder;source_file;rows
1;drowsiness;tflite;desktop;models/drowsiness/reports_tflite/20261006T234046384562Z;models/drowsiness/reports_tflite/20261006T234046384562Z/results-report.json;2000
6;drowsiness;wasm;desktop;models/drowsiness/reports/20261008T144420089689Z;models/drowsiness/reports/20261008T144420089689Z/12-inferencia-wasm.txt;2000
7;drowsiness;wasm;desktop;models/drowsiness/reports/20261008T144420099689Z;models/drowsiness/reports/20261008T144420099689Z/12-inferencia-wasm.txt;2000
8;drowsiness;wasm;desktop;models/drowsiness/reports/20261008T145237348771Z;models/drowsiness/reports/20261008T145237348771Z/12-inferencia-wasm.txt;2000
9;drowsiness;wasm;desktop;models/drowsiness/reports/20261008T150239050848Z;models/drowsiness/reports/20261008T150239050848Z/12-inferencia-wasm.txt;2000
10;drowsiness;tflite;desktop;models/drowsiness/reports_tflite/20261008T151518951616Z;models/drowsiness/reports_tflite/20261008T151518951616Z/results-report.json;2000
11;drowsiness;tflite;desktop;models/drowsiness/reports_tflite/20261008T151851565787Z;models/drowsiness/reports_tflite/20261008T151851565787Z/results-report.json;2000
12;drowsiness;tflite;desktop;models/drowsiness/reports_tflite/20261008T152221459939Z;models/drowsiness/reports_tflite/20261008T152221459939Z/results-report.json;2000
50;drowsiness;tflite;esp32;analysis/esp32_consensus/drowsiness/tflite;analysis/esp32_consensus/drowsiness/tflite/report.csv;2000
51;drowsiness;wasm;esp32;analysis/esp32_consensus/drowsiness/wasm;analysis/esp32_consensus/drowsiness/wasm/report.csv;2000
