execution;model;type;env;folder;source_file;image;rows
1;mobilenetv2_alpha035;tflite;desktop;models/mobilenetv2_alpha035/reports_tflite/20261006T234306012235Z;models/mobilenetv2_alpha035/reports_tflite/20261006T234306012235Z/inference-report.txt;test/img/aviao_uint8.raw;15
2;mobilenetv2_alpha035;wasm;desktop;models/mobilenetv2_alpha035/reports/20261008T142556339628Z;models/mobilenetv2_alpha035/reports/20261008T142556339628Z/12-inferencia-wasm.txt;C:\Users\rafae\Downloads\master-degree-project\models\mobilenetv2_alpha035\test\img\aviao_uint8.raw;15
3;mobilenetv2_alpha035;wasm;desktop;models/mobilenetv2_alpha035/reports/20261008T143556339628Z;models/mobilenetv2_alpha035/reports/20261008T143556339628Z/12-inferencia-wasm.txt;C:\Users\rafae\Downloads\master-degree-project\models\mobilenetv2_alpha035\test\img\aviao_uint8.raw;15
4;mobilenetv2_alpha035;tflite;desktop;models/mobilenetv2_alpha035/reports_tflite/20261008T143604250212Z;models/mobilenetv2_alpha035/reports_tflite/20261008T143604250212Z/inference-report.txt;test/img/aviao_uint8.raw;15
5;mobilenetv2_alpha035;wasm;desktop;models/mobilenetv2_alpha035/reports/20261008T152728866002Z;models/mobilenetv2_alpha035/reports/20261008T152728866002Z/12-inferencia-wasm.txt;C:\Users\rafae\Downloads\master-degree-project\models\mobilenetv2_alpha035\test\img\aviao_uint8.raw;15
6;mobilenetv2_alpha035;wasm;desktop;models/mobilenetv2_alpha035/reports/20261008T152738064392Z;models/mobilenetv2_alpha035/reports/20261008T152738064392Z/12-inferencia-wasm.txt;C:\Users\rafae\Downloads\master-degree-project\models\mobilenetv2_alpha035\test\img\aviao_uint8.raw;15
7;mobilenetv2_alpha035;wasm;desktop;models/mobilenetv2_alpha035/reports/20261008T152748423738Z;models/mobilenetv2_alpha035/reports/20261008T152748423738Z/12-inferencia-wasm.txt;C:\Users\rafae\Downloads\master-degree-project\models\mobilenetv2_alpha035\test\img\aviao_uint8.raw;15
8;mobilenetv2_alpha035;tflite;desktop;models/mobilenetv2_alpha035/reports_tflite/20261008T152800893168Z;models/mobilenetv2_alpha035/reports_tflite/20261008T152800893168Z/inference-report.txt;test/img/aviao_uint8.raw;15
9;mobilenetv2_alpha035;tflite;desktop;models/mobilenetv2_alpha035/reports_tflite/20261008T152809214074Z;models/mobilenetv2_alpha035/reports_tflite/20261008T152809214074Z/inference-report.txt;test/img/aviao_uint8.raw;15
10;mobilenetv2_alpha035;tflite;desktop;models/mobilenetv2_alpha035/reports_tflite/20261008T152815376026Z;models/mobilenetv2_alpha035/reports_tflite/20261008T152815376026Z/inference-report.txt;test/img/aviao_uint8.raw;15
11;mobilenetv2_alpha035;wasm;desktop;models/mobilenetv2_alpha035/reports/20261008T171700236197Z;models/mobilenetv2_alpha035/reports/20261008T171700236197Z/12-inferencia-wasm.txt;C:\Users\rafae\Downloads\master-degree-project\models\mobilenetv2_alpha035\test\img\aviao_uint8.raw;15
