model;execution;score;q;name
mobilenetv2_alpha035;1;0.55078125;141;[404] airliner
mobilenetv2_alpha035;1;0.109375;28;[812] space_shuttle
mobilenetv2_alpha035;1;0.05859375;15;[908] wing
mobilenetv2_alpha035;1;0.03125;8;[473] can_opener
mobilenetv2_alpha035;1;0.02734375;7;[405] airship
mobilenetv2_alpha035;1;0.0234375;6;[895] warplane
mobilenetv2_alpha035;1;0.01171875;3;[744] projectile
mobilenetv2_alpha035;1;0.0078125;2;[657] missile
mobilenetv2_alpha035;1;0.00390625;1;[478] carton
mobilenetv2_alpha035;1;0.00390625;1;[499] cleaver
mobilenetv2_alpha035;1;0.00390625;1;[512] corkscrew
mobilenetv2_alpha035;1;0.00390625;1;[587] hammer
mobilenetv2_alpha035;1;0.00390625;1;[589] hand_blower
mobilenetv2_alpha035;1;0.00390625;1;[623] letter_opener
mobilenetv2_alpha035;1;0.00390625;1;[626] lighter
mobilenetv2_alpha035;2;0.8828125;226;[404] airliner
mobilenetv2_alpha035;2;0.04296875;11;[812] space_shuttle
mobilenetv2_alpha035;2;0.04296875;11;[908] wing
mobilenetv2_alpha035;2;0.015625;4;[895] warplane
mobilenetv2_alpha035;2;0.00390625;1;[405] airship
mobilenetv2_alpha035;2;0.0;0;[0] tench
mobilenetv2_alpha035;2;0.0;0;[1] goldfish
mobilenetv2_alpha035;2;0.0;0;[2] great_white_shark
mobilenetv2_alpha035;2;0.0;0;[3] tiger_shark
mobilenetv2_alpha035;2;0.0;0;[4] hammerhead
mobilenetv2_alpha035;2;0.0;0;[5] electric_ray
mobilenetv2_alpha035;2;0.0;0;[6] stingray
mobilenetv2_alpha035;2;0.0;0;[7] cock
mobilenetv2_alpha035;2;0.0;0;[8] hen
mobilenetv2_alpha035;2;0.0;0;[9] ostrich
mobilenetv2_alpha035;3;0.8828125;226;[404] airliner
mobilenetv2_alpha035;3;0.04296875;11;[812] space_shuttle
mobilenetv2_alpha035;3;0.04296875;11;[908] wing
mobilenetv2_alpha035;3;0.015625;4;[895] warplane
mobilenetv2_alpha035;3;0.00390625;1;[405] airship
mobilenetv2_alpha035;3;0.0;0;[0] tench
mobilenetv2_alpha035;3;0.0;0;[1] goldfish
mobilenetv2_alpha035;3;0.0;0;[2] great_white_shark
mobilenetv2_alpha035;3;0.0;0;[3] tiger_shark
mobilenetv2_alpha035;3;0.0;0;[4] hammerhead
mobilenetv2_alpha035;3;0.0;0;[5] electric_ray
mobilenetv2_alpha035;3;0.0;0;[6] stingray
mobilenetv2_alpha035;3;0.0;0;[7] cock
mobilenetv2_alpha035;3;0.0;0;[8] hen
mobilenetv2_alpha035;3;0.0;0;[9] ostrich
mobilenetv2_alpha035;4;0.55078125;141;[404] airliner
mobilenetv2_alpha035;4;0.109375;28;[812] space_shuttle
mobilenetv2_alpha035;4;0.05859375;15;[908] wing
mobilenetv2_alpha035;4;0.03125;8;[473] can_opener
mobilenetv2_alpha035;4;0.02734375;7;[405] airship
mobilenetv2_alpha035;4;0.0234375;6;[895] warplane
mobilenetv2_alpha035;4;0.01171875;3;[744] projectile
mobilenetv2_alpha035;4;0.0078125;2;[657] missile
mobilenetv2_alpha035;4;0.00390625;1;[478] carton
mobilenetv2_alpha035;4;0.00390625;1;[499] cleaver
mobilenetv2_alpha035;4;0.00390625;1;[512] corkscrew
mobilenetv2_alpha035;4;0.00390625;1;[587] hammer
mobilenetv2_alpha035;4;0.00390625;1;[589] hand_blower
mobilenetv2_alpha035;4;0.00390625;1;[623] letter_opener
mobilenetv2_alpha035;4;0.00390625;1;[626] lighter
mobilenetv2_alpha035;5;0.8828125;226;[404] airliner
mobilenetv2_alpha035;5;0.04296875;11;[812] space_shuttle
mobilenetv2_alpha035;5;0.04296875;11;[908] wing
mobilenetv2_alpha035;5;0.015625;4;[895] warplane
mobilenetv2_alpha035;5;0.00390625;1;[405] airship
mobilenetv2_alpha035;5;0.0;0;[0] tench
mobilenetv2_alpha035;5;0.0;0;[1] goldfish
mobilenetv2_alpha035;5;0.0;0;[2] great_white_shark
mobilenetv2_alpha035;5;0.0;0;[3] tiger_shark
mobilenetv2_alpha035;5;0.0;0;[4] hammerhead
mobilenetv2_alpha035;5;0.0;0;[5] electric_ray
mobilenetv2_alpha035;5;0.0;0;[6] stingray
mobilenetv2_alpha035;5;0.0;0;[7] cock
mobilenetv2_alpha035;5;0.0;0;[8] hen
mobilenetv2_alpha035;5;0.0;0;[9] ostrich
mobilenetv2_alpha035;6;0.8828125;226;[404] airliner
mobilenetv2_alpha035;6;0.04296875;11;[812] space_shuttle
mobilenetv2_alpha035;6;0.04296875;11;[908] wing
mobilenetv2_alpha035;6;0.015625;4;[895] warplane
mobilenetv2_alpha035;6;0.00390625;1;[405] airship
mobilenetv2_alpha035;6;0.0;0;[0] tench
mobilenetv2_alpha035;6;0.0;0;[1] goldfish
mobilenetv2_alpha035;6;0.0;0;[2] great_white_shark
mobilenetv2_alpha035;6;0.0;0;[3] tiger_shark
mobilenetv2_alpha035;6;0.0;0;[4] hammerhead
mobilenetv2_alpha035;6;0.0;0;[5] electric_ray
mobilenetv2_alpha035;6;0.0;0;[6] stingray
mobilenetv2_alpha035;6;0.0;0;[7] cock
mobilenetv2_alpha035;6;0.0;0;[8] hen
mobilenetv2_alpha035;6;0.0;0;[9] ostrich
mobilenetv2_alpha035;7;0.8828125;226;[404] airliner
mobilenetv2_alpha035;7;0.04296875;11;[812] space_shuttle
mobilenetv2_alpha035;7;0.04296875;11;[908] wing
mobilenetv2_alpha035;7;0.015625;4;[895] warplane
mobilenetv2_alpha035;7;0.00390625;1;[405] airship
mobilenetv2_alpha035;7;0.0;0;[0] tench
mobilenetv2_alpha035;7;0.0;0;[1] goldfish
mobilenetv2_alpha035;7;0.0;0;[2] great_white_shark
mobilenetv2_alpha035;7;0.0;0;[3] tiger_shark
mobilenetv2_alpha035;7;0.0;0;[4] hammerhead
mobilenetv2_alpha035;7;0.0;0;[5] electric_ray
mobilenetv2_alpha035;7;0.0;0;[6] stingray
mobilenetv2_alpha035;7;0.0;0;[7] cock
mobilenetv2_alpha035;7;0.0;0;[8] hen
mobilenetv2_alpha035;7;0.0;0;[9] ostrich
mobilenetv2_alpha035;8;0.55078125;141;[404] airliner
mobilenetv2_alpha035;8;0.109375;28;[812] space_shuttle
mobilenetv2_alpha035;8;0.05859375;15;[908] wing
mobilenetv2_alpha035;8;0.03125;8;[473] can_opener
mobilenetv2_alpha035;8;0.02734375;7;[405] airship
mobilenetv2_alpha035;8;0.0234375;6;[895] warplane
mobilenetv2_alpha035;8;0.01171875;3;[744] projectile
mobilenetv2_alpha035;8;0.0078125;2;[657] missile
mobilenetv2_alpha035;8;0.00390625;1;[478] carton
mobilenetv2_alpha035;8;0.00390625;1;[499] cleaver
mobilenetv2_alpha035;8;0.00390625;1;[512] corkscrew
mobilenetv2_alpha035;8;0.00390625;1;[587] hammer
mobilenetv2_alpha035;8;0.00390625;1;[589] hand_blower
mobilenetv2_alpha035;8;0.00390625;1;[623] letter_opener
mobilenetv2_alpha035;8;0.00390625;1;[626] lighter
mobilenetv2_alpha035;9;0.55078125;141;[404] airliner
mobilenetv2_alpha035;9;0.109375;28;[812] space_shuttle
mobilenetv2_alpha035;9;0.05859375;15;[908] wing
mobilenetv2_alpha035;9;0.03125;8;[473] can_opener
mobilenetv2_alpha035;9;0.02734375;7;[405] airship
mobilenetv2_alpha035;9;0.0234375;6;[895] warplane
mobilenetv2_alpha035;9;0.01171875;3;[744] projectile
mobilenetv2_alpha035;9;0.0078125;2;[657] missile
mobilenetv2_alpha035;9;0.00390625;1;[478] carton
mobilenetv2_alpha035;9;0.00390625;1;[499] cleaver
mobilenetv2_alpha035;9;0.00390625;1;[512] corkscrew
mobilenetv2_alpha035;9;0.00390625;1;[587] hammer
mobilenetv2_alpha035;9;0.00390625;1;[589] hand_blower
mobilenetv2_alpha035;9;0.00390625;1;[623] letter_opener
mobilenetv2_alpha035;9;0.00390625;1;[626] lighter
mobilenetv2_alpha035;10;0.55078125;141;[404] airliner
mobilenetv2_alpha035;10;0.109375;28;[812] space_shuttle
mobilenetv2_alpha035;10;0.05859375;15;[908] wing
mobilenetv2_alpha035;10;0.03125;8;[473] can_opener
mobilenetv2_alpha035;10;0.02734375;7;[405] airship
mobilenetv2_alpha035;10;0.0234375;6;[895] warplane
mobilenetv2_alpha035;10;0.01171875;3;[744] projectile
mobilenetv2_alpha035;10;0.0078125;2;[657] missile
mobilenetv2_alpha035;10;0.00390625;1;[478] carton
mobilenetv2_alpha035;10;0.00390625;1;[499] cleaver
mobilenetv2_alpha035;10;0.00390625;1;[512] corkscrew
mobilenetv2_alpha035;10;0.00390625;1;[587] hammer
mobilenetv2_alpha035;10;0.00390625;1;[589] hand_blower
mobilenetv2_alpha035;10;0.00390625;1;[623] letter_opener
mobilenetv2_alpha035;10;0.00390625;1;[626] lighter
mobilenetv2_alpha035;11;0.8828125;226;[404] airliner
mobilenetv2_alpha035;11;0.04296875;11;[812] space_shuttle
mobilenetv2_alpha035;11;0.04296875;11;[908] wing
mobilenetv2_alpha035;11;0.015625;4;[895] warplane
mobilenetv2_alpha035;11;0.00390625;1;[405] airship
mobilenetv2_alpha035;11;0.0;0;[0] tench
mobilenetv2_alpha035;11;0.0;0;[1] goldfish
mobilenetv2_alpha035;11;0.0;0;[2] great_white_shark
mobilenetv2_alpha035;11;0.0;0;[3] tiger_shark
mobilenetv2_alpha035;11;0.0;0;[4] hammerhead
mobilenetv2_alpha035;11;0.0;0;[5] electric_ray
mobilenetv2_alpha035;11;0.0;0;[6] stingray
mobilenetv2_alpha035;11;0.0;0;[7] cock
mobilenetv2_alpha035;11;0.0;0;[8] hen
mobilenetv2_alpha035;11;0.0;0;[9] ostrich
